{
  "project_info": {
    "project_number": "590346893659",
    "firebase_url": "https://id27-repack-zobiruz.firebaseio.com",
    "project_id": "id27-repack-zobiruz",
    "storage_bucket": "id27-repack-zobiruz.appspot.com"
  },
  "client": [
    {
      "client_info": {
        "mobilesdk_app_id": "1:590346893659:android:cbead1cd5ae3283b83427e",
        "android_client_info": {
          "package_name": "org.zodzp.dvasem"
        }
      },
      "oauth_client": [
        {
          "client_id": "590346893659-k8qbo6t5v80s3g9s94nvp4iq6tgebl4m.apps.googleusercontent.com",
          "client_type": 3
        }
      ],
      "api_key": [
        {
          "current_key": "AIzaSyCC3Em2AbUBG0XpqqmgJnHCfeOfudtGTHs"
        }
      ],
      "services": {
        "appinvite_service": {
          "other_platform_oauth_client": [
            {
              "client_id": "590346893659-k8qbo6t5v80s3g9s94nvp4iq6tgebl4m.apps.googleusercontent.com",
              "client_type": 3
            }
          ]
        }
      }
    }
  ],
  "configuration_version": "1"
}